ip;asn;holder
0:0:53f9:459f::1;-1;NO HOLDER
1.0.0.1;13335;CLOUDFLARENET
1.0.0.3;13335;CLOUDFLARENET
1.1.0.1;-1;NO HOLDER
1.1.1.3;13335;CLOUDFLARENET
103.58.228.2;134220;UFONE-AS-AP UFONE
103.58.229.2;134220;UFONE-AS-AP UFONE
109.0.66.10;15557;LDCOMNET - SFR SA
109.0.66.20;15557;LDCOMNET - SFR SA
109.195.16.1;50543;SARATOV-AS - JSC "ER-Telecom Holding"
109.197.192.1;50716;TELECOMRUNET - Telecom.ru Ltd
109.197.192.78;50716;TELECOMRUNET - Telecom.ru Ltd
109.237.224.20;50449;RU-KVANTZ - Limited Liability Company "Kvant"
109.237.224.21;50449;RU-KVANTZ - Limited Liability Company "Kvant"
109.247.114.4;29695;ALTIBOX_AS - Altibox AS
109.88.203.3;12392;ASBRUTELE - Brutele SC
114.114.114.114;174;COGENT-174
119.42.152.5;45235;GEONET GEOCITY NETWORK SOLUTIONS PVT LTD
122.197.254.136;9617;ZAQ Jupiter Telecommunications Co.
132.147.113.3;18106;VIEWQWEST-SG-AP Viewqwest Pte Ltd
138.201.66.172;24940;HETZNER-AS - Hetzner Online GmbH
141.0.144.2;56478;BCUBE-AS - Hyperoptic Ltd
141.10.85.129;553;BELWUE - Universitaet Stuttgart
148.122.16.253;2119;TELENOR-NEXTEL - Telenor Norge AS
148.122.164.253;2119;TELENOR-NEXTEL - Telenor Norge AS
149.112.112.112;19281;QUAD9-AS-1
151.5.216.15;1267;ASN-WINDTRE - WIND TRE S.P.A.
151.5.216.150;1267;ASN-WINDTRE - WIND TRE S.P.A.
156.154.70.3;397224;ULTRADNS
156.154.70.3;19905;NEUSTAR-AS6
156.154.70.5;397224;ULTRADNS
156.154.70.5;19905;NEUSTAR-AS6
162.223.13.118;36236;NETACTUATE
164.124.101.2;3786;LGDACOM LG DACOM Corporation
165.169.76.108;37002;Reunicable
168.126.63.1;4766;KIXS-AS-KR Korea Telecom
168.126.63.2;4766;KIXS-AS-KR Korea Telecom
169.239.0.20;327900;SIMPLYCONNECT-Simply-Computers
169.239.0.30;327900;SIMPLYCONNECT-Simply-Computers
169.55.51.86;36351;SOFTLAYER
172.168.24.22;10310;YAHOO-1
172.168.24.80;10310;YAHOO-1
172.50.1.1;21928;T-MOBILE-AS21928
172.64.36.1;13335;CLOUDFLARENET
172.64.36.2;13335;CLOUDFLARENET
175.100.191.221;55352;MCPL-IN Microscan Computers Private Limited
176.103.130.130;199274;MNGTNET - Serveroid, LLC
176.103.130.131;199274;MNGTNET - Serveroid, LLC
176.95.16.250;3209;VODANET - Vodafone GmbH
176.95.16.251;3209;VODANET - Vodafone GmbH
177.92.29.202;14868;COPEL Telecomunicacoes S.A.
181.213.132.4;28573;CLARO S.A.
181.213.132.5;28573;CLARO S.A.
181.45.64.77;27747;Telecentro S.A.
181.47.248.145;27747;Telecentro S.A.
181.47.254.164;27747;Telecentro S.A.
185.107.12.83;204151;KVIKNET-DK - Kviknet.dk ApS
185.107.12.84;204151;KVIKNET-DK - Kviknet.dk ApS
185.145.248.130;48813;ENIX-AS - Enix SAS
185.149.252.250;202940;ITCNG - ITC NG ltd
185.158.64.4;202657;HNOJNIK - Pavel Jochim
185.158.92.10;29256;INT-PDN-STE-AS - Syrian Telecom
185.158.92.9;29256;INT-PDN-STE-AS - Syrian Telecom
185.16.40.143;199456;VLDTECH-ASN - VALID TECHNOLOGY L.P.
185.180.100.65;202940;ITCNG - ITC NG ltd
185.194.112.0;206754;ALISTAIR-MACKENZIE - Alistair Mackenzie
185.201.196.60;205818;VOYAGERHR - RIFIN d.o.o.
185.206.208.56;64475;FREIFUNK-FRANKFURT - Freifunk Frankfurt am Main e.V.
185.36.180.45;200129;LHISP - LHISP S.A.
185.36.180.48;200129;LHISP - LHISP S.A.
185.43.135.1;20701;CZNIC-AS3 - CZ.NIC, z.s.p.o.
185.92.52.25;8896;XFIBER-AS - XFIBER AS
185.97.100.2;203382;OXID-TELECOM - Oxid Telecom
186.251.148.21;28130;CERTTO TELECOMUNICACOES LTDA EPP.
186.251.148.22;28130;CERTTO TELECOMUNICACOES LTDA EPP.
188.165.197.144;16276;OVH - OVH SAS
188.172.144.120;56478;BCUBE-AS - Hyperoptic Ltd
190.104.12.42;27882;Telefonica Celular de Bolivia S.A.
190.157.8.100;10620;Telmex Colombia S.A.
190.157.8.38;10620;Telmex Colombia S.A.
190.160.0.11;22047;VTR BANDA ANCHA S.A.
190.160.0.15;22047;VTR BANDA ANCHA S.A.
190.160.0.57;22047;VTR BANDA ANCHA S.A.
190.211.101.254;262145;Cooperativa de Electrificacion Rural de San Carlos R.L. (Coopelesca R.L.)
190.55.154.129;27747;Telecentro S.A.
190.55.154.133;27747;Telecentro S.A.
190.55.154.137;27747;Telecentro S.A.
190.55.60.129;27747;Telecentro S.A.
190.55.60.130;27747;Telecentro S.A.
192.169.1.100;-1;NO HOLDER
192.231.203.132;4739;INTERNODE-AS Internode Pty Ltd
192.92.129.1;3245;DIGSYS-AS - Digital Systems Ltd
192.99.144.29;16276;OVH - OVH SAS
193.162.153.164;3292;TDC - TDC A/S
193.17.47.1;20701;CZNIC-AS3 - CZ.NIC, z.s.p.o.
193.177.188.4;58340;NEVE - Napapiirin Kuituverkot Oy
193.177.188.6;58340;NEVE - Napapiirin Kuituverkot Oy
193.2.1.66;2107;ARNES-NET - ARNES
193.2.1.72;2107;ARNES-NET - ARNES
193.210.18.18;1759;TSF-IP-CORE - Telia Finland Oyj
193.210.19.19;1759;TSF-IP-CORE - Telia Finland Oyj
193.229.0.40;719;ELISA-AS - Elisa Oyj
193.229.0.42;719;ELISA-AS - Elisa Oyj
193.239.186.141;35224;PLINQ - PLINQ BV
193.239.186.67;35224;PLINQ - PLINQ BV
193.239.21.21;3303;SWISSCOM - Swisscom (Schweiz) AG
193.239.21.22;3303;SWISSCOM - Swisscom (Schweiz) AG
193.25.0.3;59686;GEMINI-PL - Gemini Internet Sp. z o.o.
193.29.206.206;200070;CZNIC-AS2 - CZ.NIC, z.s.p.o.
193.29.206.206;25192;CZNIC-AS - CZ.NIC, z.s.p.o.
193.41.60.1;15895;KSNET-AS - "Kyivstar" PJSC
193.41.60.2;15895;KSNET-AS - "Kyivstar" PJSC
193.68.138.10;3245;DIGSYS-AS - Digital Systems Ltd
193.92.150.2;1241;FORTHNET-GR - Forthnet
193.92.3.11;1241;FORTHNET-GR - Forthnet
194.109.6.66;3265;XS4ALL-NL - Xs4all Internet BV
194.151.228.18;1136;KPN - KPN B.V.
194.151.228.34;1136;KPN - KPN B.V.
194.158.122.10;5410;BOUYGTEL-ISP - Bouygues Telecom SA
194.158.122.15;5410;BOUYGTEL-ISP - Bouygues Telecom SA
194.168.4.100;5089;NTL - Virgin Media Limited
194.168.8.100;5089;NTL - Virgin Media Limited
194.204.152.34;5617;TPNET - Orange Polska Spolka Akcyjna
194.204.159.1;5617;TPNET - Orange Polska Spolka Akcyjna
194.228.41.113;5610;O2-CZECH-REPUBLIC - O2 Czech Republic, a.s.
194.228.41.65;5610;O2-CZECH-REPUBLIC - O2 Czech Republic, a.s.
194.239.134.83;3292;TDC - TDC A/S
194.25.0.60;3320;DTAG - Deutsche Telekom AG
194.25.0.68;3320;DTAG - Deutsche Telekom AG
195.121.1.34;8737;PT - KPN B.V.
195.121.1.66;8737;PT - KPN B.V.
195.130.130.1;6848;TELENET-AS - Telenet BVBA
195.130.130.3;6848;TELENET-AS - Telenet BVBA
195.130.130.4;6848;TELENET-AS - Telenet BVBA
195.130.130.5;6848;TELENET-AS - Telenet BVBA
195.130.131.1;6848;TELENET-AS - Telenet BVBA
195.130.131.3;6848;TELENET-AS - Telenet BVBA
195.130.131.4;6848;TELENET-AS - Telenet BVBA
195.140.195.21;29432;TREX-AS - TREX Regional Exchanges Oy
195.140.195.22;29432;TREX-AS - TREX Regional Exchanges Oy
195.146.128.62;6855;SK-TELEKOM - Slovak Telecom, a. s.
195.170.0.1;6799;OTENET-GR - Ote SA (Hellenic Telecommunications Organisation)
195.170.0.2;6799;OTENET-GR - Ote SA (Hellenic Telecommunications Organisation)
195.170.2.2;6799;OTENET-GR - Ote SA (Hellenic Telecommunications Organisation)
195.197.54.100;719;ELISA-AS - Elisa Oyj
195.28.64.119;8778;SLOVANET - Slovanet a.s.
195.34.133.21;6830;LIBERTYGLOBAL - Liberty Global B.V.
195.58.161.123;6830;LIBERTYGLOBAL - Liberty Global B.V.
195.8.69.12;8426;CLARANET-AS - Claranet Limited
195.8.69.7;8426;CLARANET-AS - Claranet Limited
199.168.90.119;54054;DETEQUE
199.21.87.140;19165;WEBPASS
199.21.87.141;19165;WEBPASS
200.105.128.40;26210;AXS Bolivia S. A.
200.105.128.41;26210;AXS Bolivia S. A.
200.115.192.28;27747;Telecentro S.A.
200.115.192.29;27747;Telecentro S.A.
200.115.192.89;27747;Telecentro S.A.
200.115.192.90;27747;Telecentro S.A.
200.28.4.129;7418;TELEFONICA CHILE S.A.
200.28.4.130;7418;TELEFONICA CHILE S.A.
200.30.192.14;22047;VTR BANDA ANCHA S.A.
200.30.192.15;22047;VTR BANDA ANCHA S.A.
200.72.1.11;6471;ENTEL CHILE S.A.
200.72.1.5;6471;ENTEL CHILE S.A.
200.73.96.146;27882;Telefonica Celular de Bolivia S.A.
200.83.1.5;22047;VTR BANDA ANCHA S.A.
200.87.100.10;6568;Entel S.A. - EntelNet
200.87.100.40;6568;Entel S.A. - EntelNet
2001:1418:10:2::2;12779;ITGATE - IT.Gate S.p.A.
2001:1438:2:3::8;8881;VERSATEL - 1&1 Versatel Deutschland GmbH
2001:1438:2:4::8;8881;VERSATEL - 1&1 Versatel Deutschland GmbH
2001:1488:800:400::130;25192;CZNIC-AS - CZ.NIC, z.s.p.o.
2001:148f:ffff::1;20701;CZNIC-AS3 - CZ.NIC, z.s.p.o.
2001:14b8:1000::1;16086;DNA - DNA Oyj
2001:14b8:1000::2;16086;DNA - DNA Oyj
2001:14ba:a0af:b000::1;16086;DNA - DNA Oyj
2001:15c0:2110:2800::2;21283;A1SI-AS - A1 Slovenija telekomunikacijske storitve,d.d.
2001:1620:2777:1::10;13030;INIT7 - Init7 (Switzerland) Ltd.
2001:1620:2777:2::20;13030;INIT7 - Init7 (Switzerland) Ltd.
2001:1620:699::1;13030;INIT7 - Init7 (Switzerland) Ltd.
2001:1620:f0e::77;13030;INIT7 - Init7 (Switzerland) Ltd.
2001:1680:1:1::10;9044;SOLNET - BSE Software GmbH
2001:1ae9:277:f200::1;13036;TMOBILE-CZ - T-Mobile Czech Republic a.s.
2001:2003:f0b0:4400::53:0;1759;TSF-IP-CORE - Telia Finland Oyj
2001:2003:f0b0:4400::53:314;1759;TSF-IP-CORE - Telia Finland Oyj
2001:2c0:11::c01;2514;INFOSPHERE NTT PC Communications
2001:41d0:1:e2b8::1;16276;OVH - OVH SAS
2001:41d0:3:163::1;16276;OVH - OVH SAS
2001:41d0:fc0f:7100:9830:1193:b972:6df0;35540;OVH-TELECOM - OVH SAS
2001:428::1;3910;CENTURYLINK-EUROPE-LEGACY-QWEST
2001:428::1;209;CENTURYLINK-US-LEGACY-QWEST
2001:428::1;3908;CENTURYLINK-ASIA-LEGACY-QWEST
2001:428::2;3910;CENTURYLINK-EUROPE-LEGACY-QWEST
2001:428::2;209;CENTURYLINK-US-LEGACY-QWEST
2001:428::2;3908;CENTURYLINK-ASIA-LEGACY-QWEST
2001:44b8:31b4:9e99:208:a2ff:fe0b:d023;4739;INTERNODE-AS Internode Pty Ltd
2001:4600:4:1fff::253;2119;TELENOR-NEXTEL - Telenor Norge AS
2001:4600:4:fff::253;2119;TELENOR-NEXTEL - Telenor Norge AS
2001:4640:a14f:1::1;2119;TELENOR-NEXTEL - Telenor Norge AS
2001:4641:9e9:300::3;2119;TELENOR-NEXTEL - Telenor Norge AS
2001:4661:6f8d:c:208:a2ff:fe0d:48f2;2119;TELENOR-NEXTEL - Telenor Norge AS
2001:4665:df78::1;2119;TELENOR-NEXTEL - Telenor Norge AS
2001:470:1d23:1::cb;6939;HURRICANE
2001:470:1d:621::1;6939;HURRICANE
2001:470:1d:7f1:225:90ff:fee3:5668;6939;HURRICANE
2001:470:1d:7f1:3eec:efff:fe03:87c6;6939;HURRICANE
2001:470:1d:996::1;6939;HURRICANE
2001:470:1f09:355::1;6939;HURRICANE
2001:470:1f13:362::;6939;HURRICANE
2001:470:1f14:1064::2;6939;HURRICANE
2001:470:1f15:1084::;6939;HURRICANE
2001:470:1f15:55f::1;6939;HURRICANE
2001:470:1f15:6c9::50;6939;HURRICANE
2001:470:1f1b:e0::1;6939;HURRICANE
2001:470:20::2;6939;HURRICANE
2001:470:28:87::1;6939;HURRICANE
2001:470:5296::102;6939;HURRICANE
2001:470:588b:1::1;6939;HURRICANE
2001:470:593b:100::6;6939;HURRICANE
2001:470:6005::1;6939;HURRICANE
2001:470:6376::1;6939;HURRICANE
2001:470:6389::1;6939;HURRICANE
2001:470:64df:111::1;6939;HURRICANE
2001:470:65c0:5::1;6939;HURRICANE
2001:470:6a9a:6::1;6939;HURRICANE
2001:470:74d7:10::1;6939;HURRICANE
2001:470:7855:b253::1;6939;HURRICANE
2001:470:7b6f:4::1;6939;HURRICANE
2001:470:7f19:200::;6939;HURRICANE
2001:470:8:619::1;6939;HURRICANE
2001:470:8:ca5::1;6939;HURRICANE
2001:470:8bb7::253;6939;HURRICANE
2001:470:8c70:1cb:195c:aefa:26be:a7bf;6939;HURRICANE
2001:470:8f3c:4::5;6939;HURRICANE
2001:470:8f3c:4::b;6939;HURRICANE
2001:470:98e7:1::1;6939;HURRICANE
2001:470:9a86:4::1;6939;HURRICANE
2001:470:a001:2::1;6939;HURRICANE
2001:470:b0af:10::1;6939;HURRICANE
2001:470:b424:10::1;6939;HURRICANE
2001:470:b6d6:9::14;6939;HURRICANE
2001:470:bbec:384::1;6939;HURRICANE
2001:470:c21f:1::3;6939;HURRICANE
2001:470:c21f:2::8;6939;HURRICANE
2001:470:cacf::25;6939;HURRICANE
2001:470:dca7:ffff::1;6939;HURRICANE
2001:470:dca9:1100:1::53;6939;HURRICANE
2001:470:e347:1::1;6939;HURRICANE
2001:470:ecad:1::1;6939;HURRICANE
2001:470:fe99::91;6939;HURRICANE
2001:4860:4860::8844;15169;GOOGLE
2001:4e8:0:4007::11;6327;SHAW
2001:4e8:0:4007::15;6327;SHAW
2001:4e8:0:4008::11;6327;SHAW
2001:4e8:0:4009::11;6327;SHAW
2001:4e8:0:400b::12;6327;SHAW
2001:4e8:0:400c::12;6327;SHAW
2001:550:102:3::11;16409;PBW-COMMUNICATIONS
2001:550:102:5::130;16409;PBW-COMMUNICATIONS
2001:558:feed::1;7922;COMCAST-7922
2001:558:feed::2;7922;COMCAST-7922
2001:559:2be::10;7015;COMCAST-7015
2001:568:ff09:10a::56;-1;NO HOLDER
2001:568:ff09:10b::56;-1;NO HOLDER
2001:568:ff09:10c::53;-1;NO HOLDER
2001:568:ff09:10d::53;-1;NO HOLDER
2001:569:74b5:c00:215:5dff:fe67:5b01;852;ASN852
2001:569:74e7:d20:208:a2ff:fe0f:5bac;852;ASN852
2001:678:1::206;25192;CZNIC-AS - CZ.NIC, z.s.p.o.
2001:678:1::206;200070;CZNIC-AS2 - CZ.NIC, z.s.p.o.
2001:67c:21bc:12::1;200533;INITLAB - Civil associaton Init Lab
2001:67c:22f4:42::1;200490;BODEMS - Felix Annen
2001:720:1014:1::1:71;766;REDIRIS - Entidad Publica Empresarial Red.es
2001:730:3e42:1000::53;6830;LIBERTYGLOBAL - Liberty Global B.V.
2001:730:3e92:1000::36;6830;LIBERTYGLOBAL - Liberty Global B.V.
2001:730:3e92:1000::37;6830;LIBERTYGLOBAL - Liberty Global B.V.
2001:7b8:650:1::44;12859;NL-BIT - BIT BV
2001:7c7:1801:aaaa::;553;BELWUE - Universitaet Stuttgart
2001:7d0:830e:d700:211:d8ff:fe60:6e54;3249;ESTPAK - Telia Eesti AS
2001:861:8b40:2100:36db:9cff:fe90:1dac;5410;BOUYGTEL-ISP - Bouygues Telecom SA
2001:888:0:6::66;3265;XS4ALL-NL - Xs4all Internet BV
2001:888:0:9::99;3265;XS4ALL-NL - Xs4all Internet BV
2001:8a0:702b:9800::1;3243;MEO-RESIDENCIAL - MEO - SERVICOS DE COMUNICACOES E MULTIMEDIA S.A.
2001:8a0:7104:b100:a236:9fff:fe42:72b4;3243;MEO-RESIDENCIAL - MEO - SERVICOS DE COMUNICACOES E MULTIMEDIA S.A.
2001:8a0:711c:f200:a236:9fff:fe42:72b4;3243;MEO-RESIDENCIAL - MEO - SERVICOS DE COMUNICACOES E MULTIMEDIA S.A.
2001:8a0:712e:1900:a236:9fff:fe42:72b4;3243;MEO-RESIDENCIAL - MEO - SERVICOS DE COMUNICACOES E MULTIMEDIA S.A.
2001:8a0:7133:9800:a236:9fff:fe42:72b4;3243;MEO-RESIDENCIAL - MEO - SERVICOS DE COMUNICACOES E MULTIMEDIA S.A.
2001:8a0:713a:bd00:a236:9fff:fe42:72b4;3243;MEO-RESIDENCIAL - MEO - SERVICOS DE COMUNICACOES E MULTIMEDIA S.A.
2001:8a0:713a:e900:a236:9fff:fe42:72b4;3243;MEO-RESIDENCIAL - MEO - SERVICOS DE COMUNICACOES E MULTIMEDIA S.A.
2001:8a0:713c:d800:a236:9fff:fe42:72b4;3243;MEO-RESIDENCIAL - MEO - SERVICOS DE COMUNICACOES E MULTIMEDIA S.A.
2001:8a0:713e:ef00:a236:9fff:fe42:72b4;3243;MEO-RESIDENCIAL - MEO - SERVICOS DE COMUNICACOES E MULTIMEDIA S.A.
2001:8b0::2020;20712;AS20712 - Andrews & Arnold Ltd
2001:8b0::2021;20712;AS20712 - Andrews & Arnold Ltd
2001:8b0:fafa:8023::1;20712;AS20712 - Andrews & Arnold Ltd
2001:8e0:146d:beee::1;8758;IWAY - Iway AG
2001:910:800::12;20766;GITOYEN-MAIN-AS - Association "Gitoyen"
2001:910:800::40;20766;GITOYEN-MAIN-AS - Association "Gitoyen"
2001:913::8;60197;LDN - Lorraine Data Network
2001:980:ea59:0:20e:c4ff:fed4:a6cf;3265;XS4ALL-NL - Xs4all Internet BV
2001:981:4d16:1:0:22:53:1;3265;XS4ALL-NL - Xs4all Internet BV
2001:984:ac89:ffff::1;3265;XS4ALL-NL - Xs4all Internet BV
2001:985:79af:20::31;3265;XS4ALL-NL - Xs4all Internet BV
2001:985:79af:20::32;3265;XS4ALL-NL - Xs4all Internet BV
2001:998:13:3::1;719;ELISA-AS - Elisa Oyj
2001:9b0:10:2104:216:3eff:fead:a8ef;8473;BAHNHOF - Bahnhof AB
2001:9b0:10:2104:216:3eff:fefb:8d1a;8473;BAHNHOF - Bahnhof AB
2001:9b0::53:1;8473;BAHNHOF - Bahnhof AB
2001:9b0::53:2;8473;BAHNHOF - Bahnhof AB
2001:9b1:28fc:b751:20d:b9ff:fe43:4909;8473;BAHNHOF - Bahnhof AB
2001:9b1:efa:9801:1::2;8473;BAHNHOF - Bahnhof AB
2001:b07:2eb:f425::1;12874;FASTWEB - Fastweb SpA
2001:b07:5d2a:6651::1;12874;FASTWEB - Fastweb SpA
2001:b07:5d38:752a::1;12874;FASTWEB - Fastweb SpA
2001:bb8:2001::12;3221;EENET-AS - Haridus- ja Noorteamet
2001:bb8::1;3221;EENET-AS - Haridus- ja Noorteamet
2001:bf7:380::1;44194;FREIFUNK-BERLIN-AS - Foerderverein Freie Netzwerke e.V.
2001:bf7:380::4;44194;FREIFUNK-BERLIN-AS - Foerderverein Freie Netzwerke e.V.
2001:d98:e00::3;18106;VIEWQWEST-SG-AP Viewqwest Pte Ltd
2001:e68:5428:49fc::1;4788;TMNET-AS-AP TM Net
2001:e68:5428:a93b::1;4788;TMNET-AS-AP TM Net
2002:3e2e:3c3d:cafe::1;6939;HURRICANE
2002:3e2e:3c3d:cafe::1;1103;SURFNET-NL - SURFnet bv
2002:3e2f:fe63:cafe::1;6939;HURRICANE
2002:3e2f:fe63:cafe::1;1103;SURFNET-NL - SURFnet bv
2002:5079:8afe:cafe::1;6939;HURRICANE
2002:5079:8afe:cafe::1;1103;SURFNET-NL - SURFnet bv
2002:5079:8cde:cafe::1;6939;HURRICANE
2002:5079:8cde:cafe::1;1103;SURFNET-NL - SURFnet bv
2002:b9ec:a788::dead:beef;6939;HURRICANE
2002:b9ec:a788::dead:beef;1103;SURFNET-NL - SURFnet bv
2003:180:2:4000::53;3320;DTAG - Deutsche Telekom AG
2003:180:2:8000::53;3320;DTAG - Deutsche Telekom AG
2003:56::53;3320;DTAG - Deutsche Telekom AG
2003:c6:2722:a801:92e2:baff:fe3a:a408;3320;DTAG - Deutsche Telekom AG
2003:cb:cf18:8700:20d:b9ff:fe49:5cd9;3320;DTAG - Deutsche Telekom AG
2003:cb:cf40:4400:20d:b9ff:fe49:5cd9;3320;DTAG - Deutsche Telekom AG
2003:d0:3734:1900:b906:219e:39af:e09e;3320;DTAG - Deutsche Telekom AG
2003:d0:373a:2600:d555:69a:932d:3d12;3320;DTAG - Deutsche Telekom AG
2003:db:43c2:6300:d900:f1c2:f334:cf43;3320;DTAG - Deutsche Telekom AG
2003:dd:c708:e800::1;3320;DTAG - Deutsche Telekom AG
2003:dd:c723:6a00::1;3320;DTAG - Deutsche Telekom AG
2003:dd:c723:9200::1;3320;DTAG - Deutsche Telekom AG
2003:dd:c739:200::1;3320;DTAG - Deutsche Telekom AG
2003:e4:9724:b200:d8d:a284:8a9:f90;3320;DTAG - Deutsche Telekom AG
2003:e6:c720:26fc:5054:ff:fe34:e5b9;3320;DTAG - Deutsche Telekom AG
2003:e6:c743:ccfc:5054:ff:fe34:e5b9;3320;DTAG - Deutsche Telekom AG
2003:e6:f19:d6c0::1;3320;DTAG - Deutsche Telekom AG
2003:e6:f1c:d9c0::1;3320;DTAG - Deutsche Telekom AG
2003:e6:f22:c0c0::1;3320;DTAG - Deutsche Telekom AG
2003:e6:f26:aec0::1;3320;DTAG - Deutsche Telekom AG
2003:e6:f43:aec0::1;3320;DTAG - Deutsche Telekom AG
2003:e6:f45:51c0::1;3320;DTAG - Deutsche Telekom AG
2003:ec:2f06:dff1:20d:b9ff:fe41:e7f1;3320;DTAG - Deutsche Telekom AG
2003:ec:2f07:52f1:20d:b9ff:fe41:e7f1;3320;DTAG - Deutsche Telekom AG
2003:ec:2f07:a9f1:20d:b9ff:fe41:e7f1;3320;DTAG - Deutsche Telekom AG
2003:ec:2f08:27f1:20d:b9ff:fe41:e7f1;3320;DTAG - Deutsche Telekom AG
2003:ec:2f09:18f1:20d:b9ff:fe41:e7f1;3320;DTAG - Deutsche Telekom AG
2003:ec:2f09:eef1:20d:b9ff:fe41:e7f1;3320;DTAG - Deutsche Telekom AG
2003:ec:2f0a:68f1:20d:b9ff:fe41:e7f1;3320;DTAG - Deutsche Telekom AG
2003:ec:2f0a:caf1:20d:b9ff:fe41:e7f1;3320;DTAG - Deutsche Telekom AG
2003:ec:2f0b:43f1:20d:b9ff:fe41:e7f1;3320;DTAG - Deutsche Telekom AG
2003:ec:2f0b:a9f1:20d:b9ff:fe41:e7f1;3320;DTAG - Deutsche Telekom AG
2003:ec:2f0b:c0f1:20d:b9ff:fe41:e7f1;3320;DTAG - Deutsche Telekom AG
2003:ec:2f0b:cef1:20d:b9ff:fe41:e7f1;3320;DTAG - Deutsche Telekom AG
2003:ec:2f0c:3f1:20d:b9ff:fe41:e7f1;3320;DTAG - Deutsche Telekom AG
2003:ec:2f0c:bf1:20d:b9ff:fe41:e7f1;3320;DTAG - Deutsche Telekom AG
2003:ec:2f0c:faf1:20d:b9ff:fe41:e7f1;3320;DTAG - Deutsche Telekom AG
2003:ec:2f0d:d0f1:20d:b9ff:fe41:e7f1;3320;DTAG - Deutsche Telekom AG
2003:ec:2f0e:15f1:20d:b9ff:fe41:e7f1;3320;DTAG - Deutsche Telekom AG
2003:ec:2f0e:b2f1:20d:b9ff:fe41:e7f1;3320;DTAG - Deutsche Telekom AG
2003:ec:2f10:92f1:20d:b9ff:fe41:e7f1;3320;DTAG - Deutsche Telekom AG
2003:ec:2f1b:6ef1:20d:b9ff:fe41:e7f1;3320;DTAG - Deutsche Telekom AG
2003:ec:2f1b:cbf1:20d:b9ff:fe41:e7f1;3320;DTAG - Deutsche Telekom AG
2003:ec:2f1d:1af1:20d:b9ff:fe41:e7f1;3320;DTAG - Deutsche Telekom AG
2003:ec:2f1f:87f1:20d:b9ff:fe41:e7f1;3320;DTAG - Deutsche Telekom AG
2003:ec:2f24:a9f1:20d:b9ff:fe41:e7f1;3320;DTAG - Deutsche Telekom AG
2003:ec:2f25:ddf1:20d:b9ff:fe41:e7f1;3320;DTAG - Deutsche Telekom AG
2003:ec:2f29:4ff1:20d:b9ff:fe41:e7f1;3320;DTAG - Deutsche Telekom AG
2003:f3:5717:ff00:d267:e5ff:fee9:a612;3320;DTAG - Deutsche Telekom AG
2003:f3:5717:ff01:d267:e5ff:fee9:a612;3320;DTAG - Deutsche Telekom AG
202.142.142.142;4764;WIDEBAND-AS-AP Aussie Broadband
202.142.142.242;4764;WIDEBAND-AS-AP Aussie Broadband
202.73.51.98;18106;VIEWQWEST-SG-AP Viewqwest Pte Ltd
202.73.51.99;18106;VIEWQWEST-SG-AP Viewqwest Pte Ltd
202.74.33.0;55850;TRUSTPOWERLTD-AS-AP TrustPower Ltd
202.74.33.1;55850;TRUSTPOWERLTD-AS-AP TrustPower Ltd
202.88.152.10;17488;HATHWAY-NET-AP Hathway IP Over Cable Internet
202.88.152.8;17488;HATHWAY-NET-AP Hathway IP Over Cable Internet
203.114.128.2;17705;INSPIRENET-AS-AP InSPire Net Ltd
203.114.168.2;17705;INSPIRENET-AS-AP InSPire Net Ltd
203.119.13.77;4622;ID-NIC Indonesia Network Information Center
203.142.82.222;17451;BIZNET-AS-AP BIZNET NETWORKS
203.142.84.222;17451;BIZNET-AS-AP BIZNET NETWORKS
203.165.31.152;9824;JTCL-JP-AS Jupiter Telecommunication Co. Ltd
204.225.221.1;13319;S-I-S
205.171.2.65;209;CENTURYLINK-US-LEGACY-QWEST
205.171.3.25;209;CENTURYLINK-US-LEGACY-QWEST
207.164.234.129;577;BACOM
207.164.234.193;577;BACOM
208.104.2.36;398053;COMPENTERPRISE
208.104.244.45;398053;COMPENTERPRISE
208.201.224.11;7065;SNIC
208.201.224.33;7065;SNIC
208.67.22.222;3257;GTT-BACKBONE - GTT Communications Inc.
208.67.220.123;36692;OPENDNS
208.67.220.220;36692;OPENDNS
208.67.222.222;36692;OPENDNS
209.244.0.3;3356;LEVEL3
210.220.163.82;9318;SKB-AS SK Broadband Co Ltd
210.23.1.3;4844;SUPERINTERNET-AS-AP SuperInternet ACCESS Pte Ltd
210.23.6.60;4844;SUPERINTERNET-AS-AP SuperInternet ACCESS Pte Ltd
211.235.32.100;9976;ICNDP-AS-KR Namincheon Brodcasting Co.
212.1.224.6;12714;TI-AS - Net By Net Holding LLC
212.1.244.6;12714;TI-AS - Net By Net Holding LLC
212.113.177.241;2860;NOS_COMUNICACOES - NOS COMUNICACOES, S.A.
212.114.152.1;8767;MNET-AS - M-net Telekommunikations GmbH
212.114.153.1;8767;MNET-AS - M-net Telekommunikations GmbH
212.186.211.21;6830;LIBERTYGLOBAL - Liberty Global B.V.
212.205.212.205;6799;OTENET-GR - Ote SA (Hellenic Telecommunications Organisation)
212.23.3.100;13037;ZEN-AS - Zen Internet Ltd
212.23.6.100;13037;ZEN-AS - Zen Internet Ltd
212.27.40.240;12322;PROXAD - Free SAS
212.27.40.241;12322;PROXAD - Free SAS
212.27.53.252;12322;PROXAD - Free SAS
212.27.54.252;12322;PROXAD - Free SAS
212.31.160.102;57084;BJAREKRAFT - Bjare Kraft AB
212.31.160.129;57084;BJAREKRAFT - Bjare Kraft AB
212.54.0.3;719;ELISA-AS - Elisa Oyj
212.71.0.33;9031;EDPNET - EDPNET NV
212.86.212.11;12480;ASILK - ILK Internet.Gmbh
212.86.212.12;12480;ASILK - ILK Internet.Gmbh
212.86.212.13;12480;ASILK - ILK Internet.Gmbh
213.135.0.7;12941;INTERSAAR-AS - intersaar GmbH
213.135.3.67;12941;INTERSAAR-AS - intersaar GmbH
213.154.124.1;-1;NO HOLDER
213.160.40.6;21232;GGAMAUR - Genossenschaft GGA Maur
213.160.41.6;21232;GGAMAUR - Genossenschaft GGA Maur
213.166.201.3;12727;VIALIS - VIALIS SAEM
213.209.104.220;15943;WTNET-AS - wilhelm.tel GmbH
213.209.104.250;15943;WTNET-AS - wilhelm.tel GmbH
213.221.143.240;15547;NETPLUS - netplus.ch SA
213.221.144.240;15547;NETPLUS - netplus.ch SA
213.250.192.1;28851;FORTECH-CZ - Nordic Telecom s.r.o
213.250.194.1;28851;FORTECH-CZ - Nordic Telecom s.r.o
213.46.172.36;6830;LIBERTYGLOBAL - Liberty Global B.V.
213.46.172.37;6830;LIBERTYGLOBAL - Liberty Global B.V.
213.46.172.38;6830;LIBERTYGLOBAL - Liberty Global B.V.
213.46.172.39;6830;LIBERTYGLOBAL - Liberty Global B.V.
213.46.228.196;6830;LIBERTYGLOBAL - Liberty Global B.V.
213.46.246.53;6830;LIBERTYGLOBAL - Liberty Global B.V.
213.57.2.5;12849;HOTNET-IL - Hot-Net internet services Ltd.
213.57.22.5;12849;HOTNET-IL - Hot-Net internet services Ltd.
213.75.63.78;8737;PT - KPN B.V.
213.75.63.79;8737;PT - KPN B.V.
213.85.204.190;8615;CNT-AS - "Central Telegraph" Public Joint-stock Company
213.85.204.220;8615;CNT-AS - "Central Telegraph" Public Joint-stock Company
213.87.74.21;35473;MTSNET-URAL-AS - MTS PJSC
213.87.74.5;35473;MTSNET-URAL-AS - MTS PJSC
216.17.3.137;10242;USINTERNET
217.0.43.81;3320;DTAG - Deutsche Telekom AG
217.145.192.3;12426;MADNET-AS - Slovanet a.s.
217.145.194.1;12426;MADNET-AS - Slovanet a.s.
217.16.112.21;25447;JM-DATA - JM-DATA GmbH
217.16.112.22;25447;JM-DATA - JM-DATA GmbH
217.169.20.20;20712;AS20712 - Andrews & Arnold Ltd
217.169.20.21;20712;AS20712 - Andrews & Arnold Ltd
217.218.155.155;12880;DCI-AS - Information Technology Company (ITC)
217.237.149.142;3320;DTAG - Deutsche Telekom AG
217.237.150.205;3320;DTAG - Deutsche Telekom AG
217.31.204.130;25192;CZNIC-AS - CZ.NIC, z.s.p.o.
218.219.82.240;4721;JCN Jupiter Telecommunications Co.
219.106.231.122;9600;SONYTELECOM So-net Corporation
219.250.36.130;9318;SKB-AS SK Broadband Co Ltd
220.208.109.240;4721;JCN Jupiter Telecommunications Co.
23.132.96.132;42615;IGLOO22225 - Jacob Slater
23.132.96.20;42615;IGLOO22225 - Jacob Slater
24.116.0.53;645190;
24.116.2.50;645190;
24.138.252.19;14638;LCPRL
24.222.0.94;11260;EASTLINK-HSI
24.222.0.95;11260;EASTLINK-HSI
24.55.102.2;14638;LCPRL
2400:7800:0:3001::1:1;4713;OCN NTT Communications Corporation
2400:7800:0:3001::2:1;4713;OCN NTT Communications Corporation
2401:4900:50:9::8;9498;BBIL-AP BHARTI Airtel Ltd.
2401:7400:c802:1a05:beee:7bff:fe55:f3a7;4773;MOBILEONELTD-AS-AP MobileOne Ltd. Mobile/Internet Service Provider Singapore
2401:d002:7102:1::1;38195;SUPERLOOP-AS-AP Superloop
2401:d002:7102::1;38195;SUPERLOOP-AS-AP Superloop
2403:5800:100:1::142;4764;WIDEBAND-AS-AP Aussie Broadband
2403:5800:1:5::242;4764;WIDEBAND-AS-AP Aussie Broadband
2403:5800:5100:fa00:103f:e1ff:fedc:5354;4764;WIDEBAND-AS-AP Aussie Broadband
2403:5800:5100:fa00:f846:a9ff:fe13:8b62;4764;WIDEBAND-AS-AP Aussie Broadband
2403:5800:7100:b700:14b9:3aff:fee3:ffdb;4764;WIDEBAND-AS-AP Aussie Broadband
2403:5800:7100:b700:4834:3bff:feb4:203b;4764;WIDEBAND-AS-AP Aussie Broadband
2403:5800:7100:b700:70ac:70ff:fed4:bacf;4764;WIDEBAND-AS-AP Aussie Broadband
2403:5800:7100:b700:bcfe:34ff:fe8d:3209;4764;WIDEBAND-AS-AP Aussie Broadband
2403:5800:7100:b700:c39:54ff:fec2:2714;4764;WIDEBAND-AS-AP Aussie Broadband
2403:5800:7300:8600::1;4764;WIDEBAND-AS-AP Aussie Broadband
2403:7800:2001:1300::70;10010;TOKAI TOKAI Communications Corporation
2403:7800:2001:1400::80;10010;TOKAI TOKAI Communications Corporation
2404:a800:0:14::1:1010;9498;BBIL-AP BHARTI Airtel Ltd.
2406:e001:2:1b01:5c83:3bae:ffed:7f71;-1;NO HOLDER
2406:e400:deed:200:5ca0:86ff:fee2:4bdb;7642;DHIRAAGU-MV-AP DHIVEHI RAAJJEYGE GULHUN PLC
2406:e400:deed:200:98a7:1bff:fe62:4da0;7642;DHIRAAGU-MV-AP DHIVEHI RAAJJEYGE GULHUN PLC
2407:5400:219:6800:1a03:73ff:fee9:4483;17551;DCSINTERNET-AS-AP DCS Internet
2407:7000:841f:f200::254;9500;VODAFONE-TRANSIT-AS Vodafone NZ Ltd.
240b:10:a100:a00:10:101:0:201;2516;KDDI KDDI CORPORATION
240b:10:b181:f00:fab7:97ff:fe3b:e484;2516;KDDI KDDI CORPORATION
2600:1700:1151:269f::1;7018;ATT-INTERNET4
2600:1700:13b0:e3a0::1;7018;ATT-INTERNET4
2600:1700:13b0:e3a0::16a;7018;ATT-INTERNET4
2600:1700:1b50:4e90::1;7018;ATT-INTERNET4
2600:1700:2ec0:6430::1;7018;ATT-INTERNET4
2600:1700:3fe0:87d0::1;7018;ATT-INTERNET4
2600:1700:4ca0:b268::1;7018;ATT-INTERNET4
2600:1700:6ec0:1c80::1;7018;ATT-INTERNET4
2600:1700:70d0:6e30::1;7018;ATT-INTERNET4
2600:1700:7e3:b01f::1;7018;ATT-INTERNET4
2600:1700:e200:5e70::1;7018;ATT-INTERNET4
2600:1700:e260:3b40::1;7018;ATT-INTERNET4
2600:6c40:7b7f:7700::3;20115;CHARTER-20115
2600:6c40:7b7f:7700::4;20115;CHARTER-20115
2600:6c40:7b80:4e00::3;20115;CHARTER-20115
2600:6c40:7b80:4e00::4;20115;CHARTER-20115
2600:8803:7880:af03:230:18ff:fecb:b03a;22773;ASN-CXA-ALL-CCI-22773-RDC
2600:8806:500:2d8::1;22773;ASN-CXA-ALL-CCI-22773-RDC
2601:186:4300:b18::1;7922;COMCAST-7922
2601:186:4300:bc::1;7922;COMCAST-7922
2601:191:200:188b:20c:29ff:fe6f:d92b;7922;COMCAST-7922
2601:1c0:4300:97b2::1;7922;COMCAST-7922
2601:245:c000:4b::1;7922;COMCAST-7922
2601:44:8600:e9a:6238:e0ff:fead:d7df;7922;COMCAST-7922
2601:5c8:4402:b90:21b:21ff:fec0:31d9;7922;COMCAST-7922
2601:5c9:4280:30:215:17ff:fe73:25cc;7922;COMCAST-7922
2601:5c9:4280:31:215:17ff:fe73:25cc;7922;COMCAST-7922
2601:600:9d80:bb1::1;7922;COMCAST-7922
2601:647:4900:f281:66a5:c3ff:fe5e:a51;7922;COMCAST-7922
2601:647:4c01:9bf6:20d:b9ff:fe37:ed86;7922;COMCAST-7922
2601:647:5600:7d20::1d3;7922;COMCAST-7922
2601:801:400:e0:1cdd:2ff:fe12:3a41;7922;COMCAST-7922
2601:801:400:e0:3c9b:8dff:feec:cdd9;7922;COMCAST-7922
2601:801:400:e0:80d5:c9ff:fe1e:dfe2;7922;COMCAST-7922
2601:801:400:e0:c871:e7ff:fe5e:ca44;7922;COMCAST-7922
2601:82:4380:68fd::1;7922;COMCAST-7922
2601:82:8200:1c2:3e37:86ff:fed8:dc5;7922;COMCAST-7922
2601:987:300:95e::1;7922;COMCAST-7922
2602:4b:a8fe:cf00::1;209;CENTURYLINK-US-LEGACY-QWEST
2604:3d08:4e81:1600:4262:31ff:fe06:b003;6327;SHAW
2604:6000:64c0:4642:6a1c:a2ff:fe12:7eec;11351;TWC-11351-NORTHEAST
2605:6000:1023:c918::1;11427;TWC-11427-TEXAS
2605:a000:1112:e016:28b0:daff:fe44:2dd9;10796;TWC-10796-MIDWEST
2605:a000:1112:e016:644e:82ff:fe2d:5513;10796;TWC-10796-MIDWEST
2605:a601:51f8:4803:d6be:d9ff:feed:c816;16591;GOOGLE-FIBER
2605:e000:35c7:4a15:20c:29ff:fec0:ea09;20001;TWC-20001-PACWEST
2605:e000:a440:3703:250:56ff:fe97:45ac;20001;TWC-20001-PACWEST
2606:4700:4700::1001;13335;CLOUDFLARENET
2606:6000:c383:c600:208:a2ff:fe0d:485d;20001;TWC-20001-PACWEST
2606:700:e:550:5c82:28ff:feff:375e;54054;DETEQUE
2606:a000:1010:80be::1;11426;TWC-11426-CAROLINAS
2606:a000:1100:8162:3223:3ff:fe6b:241e;11426;TWC-11426-CAROLINAS
2607:9880:2087:ffe9::1;812;ROGERS-COMMUNICATIONS
2607:e480:0:2:74c:8c37:d976:2ea;395748;NS
2607:f060:2:1::1;11404;AS-WAVE-1
2607:f060:2::1;11404;AS-WAVE-1
2607:f2c0::1;5645;TEKSAVVY
2607:f2c0::2;5645;TEKSAVVY
2607:f2c0:e658:50:f2ad:4eff:fe09:bd53;5645;TEKSAVVY
2607:f428:ffff:ffff::1;-1;NO HOLDER
2607:fea8:bd40:1c34:20e:c4ff:fed4:a115;812;ROGERS-COMMUNICATIONS
2610:a1:1018::3;397213;ULTRADNS
2610:a1:1018::3;397218;ULTRADNS
2610:a1:1019::3;397238;ULTRADNS
2610:a1:1019::3;397232;ULTRADNS
2610:a1:1019::3;397224;ULTRADNS
2610:a1:1019::3;397215;ULTRADNS
2610:a1:1019::3;397219;ULTRADNS
2610:a1:1019::3;397223;ULTRADNS
2610:a1:1019::3;397220;ULTRADNS
2620:0:ccd::2;36692;OPENDNS
2620:119:35::35;36692;OPENDNS
2620:119:53::53;36692;OPENDNS
2620:fe::fe;19281;QUAD9-AS-1
27.122.112.1;38195;SUPERLOOP-AS-AP Superloop
27.122.121.1;38195;SUPERLOOP-AS-AP Superloop
2800:810:100:1:200:115:192:28;27747;Telecentro S.A.
2800:810:100:2:190:55:60:130;27747;Telecentro S.A.
2800:810:100:4:181:47:248:145;27747;Telecentro S.A.
2800:810:100::11;27747;Telecentro S.A.
2800:810:100::d;27747;Telecentro S.A.
2800:a4:200:5900::1;6057;Administracion Nacional de Telecomunicaciones
2800:a4:204:1100::1;6057;Administracion Nacional de Telecomunicaciones
2800:a4:204:f00::1;6057;Administracion Nacional de Telecomunicaciones
2800:a4:207:1c00::1;6057;Administracion Nacional de Telecomunicaciones
2800:a4:211:6100::1;6057;Administracion Nacional de Telecomunicaciones
2800:a4:215:db00::1;6057;Administracion Nacional de Telecomunicaciones
2800:a4:21b:9800::1;6057;Administracion Nacional de Telecomunicaciones
2800:a4:21b:bc00::1;6057;Administracion Nacional de Telecomunicaciones
2800:a4:21c:2200::1;6057;Administracion Nacional de Telecomunicaciones
2800:a4:21d:900::1;6057;Administracion Nacional de Telecomunicaciones
2800:a4:21e:c000::1;6057;Administracion Nacional de Telecomunicaciones
2800:a4:224:7300::1;6057;Administracion Nacional de Telecomunicaciones
2800:a4:227:9f00::1;6057;Administracion Nacional de Telecomunicaciones
2800:a4:227:d600::1;6057;Administracion Nacional de Telecomunicaciones
2800:a4:231:ed00::1;6057;Administracion Nacional de Telecomunicaciones
2800:a4:234:5c00::1;6057;Administracion Nacional de Telecomunicaciones
2800:a4:236:7200::1;6057;Administracion Nacional de Telecomunicaciones
2800:a4:238:8400::1;6057;Administracion Nacional de Telecomunicaciones
2800:a4:239:6b00::1;6057;Administracion Nacional de Telecomunicaciones
2800:a4:23b:2600::1;6057;Administracion Nacional de Telecomunicaciones
2800:a4:23c:b400::1;6057;Administracion Nacional de Telecomunicaciones
2800:a4:240:4100::1;6057;Administracion Nacional de Telecomunicaciones
2800:a4:254:bb00::1;6057;Administracion Nacional de Telecomunicaciones
2800:a4:25d:8300::1;6057;Administracion Nacional de Telecomunicaciones
2800:a4:25e:8e00::1;6057;Administracion Nacional de Telecomunicaciones
2800:a4:261:cd00::1;6057;Administracion Nacional de Telecomunicaciones
2803:5840:f0ca:ceda::abc1;262145;Cooperativa de Electrificacion Rural de San Carlos R.L. (Coopelesca R.L.)
2804:14c:24:8042:2ce2:abff:fedc:2e85;28573;CLARO S.A.
2804:14c:24:820d:2ce2:abff:fedc:2e85;28573;CLARO S.A.
2804:14c:b6:9179::1;28573;CLARO S.A.
2806:1020:ffff:103::e;8151;Uninet S.A. de C.V.
2806:1030:ffff:103::e;8151;Uninet S.A. de C.V.
2a00:1028:9194:9962:828c:97ff:fe93:fe67;5610;O2-CZECH-REPUBLIC - O2 Czech Republic, a.s.
2a00:1828:a009:10:0:2::;34240;MANITU - manitu GmbH
2a00:1aa8::4;42189;EUROSIGNAL-AS - Druzstvo EUROSIGNAL
2a00:1d78:1::3;44050;PIN-AS - Petersburg Internet Network ltd.
2a00:1d78:1::4;44050;PIN-AS - Petersburg Internet Network ltd.
2a00:23c7:cf17:4b00:428d:5cff:fef7:6765;2856;BT-UK-AS - British Telecommunications PLC
2a00:5881:4008:b10::2;51083;GRENODE - Grenode
2a00:5a60::ad1:ff;199274;MNGTNET - Serveroid, LLC
2a00:5a60::ad2:ff;199274;MNGTNET - Serveroid, LLC
2a00:6020:13b4:4300:6eb3:11ff:fe1b:f40e;60294;DE-DGW - Deutsche Glasfaser Wholesale GmbH
2a00:6020:13c2:d100:6eb3:11ff:fe1b:f40e;60294;DE-DGW - Deutsche Glasfaser Wholesale GmbH
2a00:ac00:4000:410::;51728;SELTIMIL-AS - Seltimil Oy
2a00:bda0:dcba:dcba::1;42525;GLOBALCONNECT-NETWORK - GlobalConnect A/S
2a00:ca8:a1f:119d::1;30764;PODA-AS - PODA a.s.
2a01:170:1064:2a75:a848:7884:ba9:62b8;8820;TAL-DE - TAL.DE Klaus Internet Service GmbH
2a01:170:116c:c001::1;8820;TAL-DE - TAL.DE Klaus Internet Service GmbH
2a01:260:4130:2::1;34779;T-2-AS - T-2, d.o.o.
2a01:348:1ea:d::2c;39326;HSO-GROUP - HighSpeed Office Limited
2a01:510:d501:4888::1;43708;METRONET - METRONET s.r.o.
2a01:66a0:faf5::1;202208;TEUTEL - teutel GmbH
2a01:79d:4699:2cc9::1;29695;ALTIBOX_AS - Altibox AS
2a01:79d:7370:13ee::1;29695;ALTIBOX_AS - Altibox AS
2a01:7e00:e001:d912::2;63949;LINODE-AP Linode
2a01:b000:d:dc1::12:45;35266;EXN-AS - EX Networks Limited
2a01:cb00:2c2:2d00:3293:bcff:fe1e:a280;3215;AS3215 - Orange S.A.
2a01:cb00:345:c000:3649:5bff:feab:ade0;3215;AS3215 - Orange S.A.
2a01:cb00:60e:9500:769d:79ff:fe7b:ba28;3215;AS3215 - Orange S.A.
2a01:cb00:656:5d00:da7d:7fff:fecb:c0e8;3215;AS3215 - Orange S.A.
2a01:cb00:713:1800:924d:4aff:fea4:aeb0;3215;AS3215 - Orange S.A.
2a01:cb00:82ce:1300:46a6:1eff:feb3:c6a0;3215;AS3215 - Orange S.A.
2a01:cb00:84d1:8700:7ab2:13ff:feb3:6056;3215;AS3215 - Orange S.A.
2a01:cb00:8714:a700:162e:5eff:fe95:c986;3215;AS3215 - Orange S.A.
2a01:cb00:896:7900:46a6:1eff:fef0:b220;3215;AS3215 - Orange S.A.
2a01:cb00:b41:9d00:a63e:51ff:fe6c:adc6;3215;AS3215 - Orange S.A.
2a01:cb00:c9a:b300:62ce:86ff:fe69:133a;3215;AS3215 - Orange S.A.
2a01:cb00:e32:6900:aa6a:bbff:fe7a:3330;3215;AS3215 - Orange S.A.
2a01:cb00:e:1f00:7a81:2ff:fe33:a628;3215;AS3215 - Orange S.A.
2a01:cb04:5e3:5f00:ba66:85ff:fe82:dd20;3215;AS3215 - Orange S.A.
2a01:cb04:5f6:1c00:d6f8:29ff:fe94:d6c0;3215;AS3215 - Orange S.A.
2a01:cb04:748:e400:f282:61ff:fec7:9f0e;3215;AS3215 - Orange S.A.
2a01:cb05:8414:c300:d257:94ff:fe3e:e27a;3215;AS3215 - Orange S.A.
2a01:cb05:8466:db00:86a1:d1ff:fe9f:3ea2;3215;AS3215 - Orange S.A.
2a01:cb05:88f1:1c00:a63e:51ff:feba:9cc6;3215;AS3215 - Orange S.A.
2a01:cb05:8916:ba00:2cb:51ff:febb:171c;3215;AS3215 - Orange S.A.
2a01:cb05:8e9a:500:3e98:72ff:fe22:68b8;3215;AS3215 - Orange S.A.
2a01:cb08:141:3300:46a6:1eff:fe8d:e0d6;3215;AS3215 - Orange S.A.
2a01:cb08:542:a300:5664:d9ff:fe3e:27d2;3215;AS3215 - Orange S.A.
2a01:cb08:5a:3f00:1a62:2cff:fea2:c5b3;3215;AS3215 - Orange S.A.
2a01:cb08:821d:c500:d660:e3ff:fe12:762e;3215;AS3215 - Orange S.A.
2a01:cb08:862f:6b00:a63e:51ff:fe9e:2760;3215;AS3215 - Orange S.A.
2a01:cb08:88a5:1c00:46a6:1eff:fe8a:db76;3215;AS3215 - Orange S.A.
2a01:cb08:8a71:ff00:7a94:b4ff:fe45:8b9c;3215;AS3215 - Orange S.A.
2a01:cb08:8ba8:5800:1a62:2cff:fea5:d9f;3215;AS3215 - Orange S.A.
2a01:cb08:8ccc:4000:7a81:2ff:fe5e:dc70;3215;AS3215 - Orange S.A.
2a01:cb08:8e05:fb00:a63e:51ff:fe85:95d6;3215;AS3215 - Orange S.A.
2a01:cb0c:489:7400:a63e:51ff:fe94:e40;3215;AS3215 - Orange S.A.
2a01:cb0c:62:400:86a4:23ff:fef8:ab2e;3215;AS3215 - Orange S.A.
2a01:cb0c:84a8:5700:eebe:ddff:fe86:6710;3215;AS3215 - Orange S.A.
2a01:cb0c:84f7:2500:3e98:72ff:fe25:d056;3215;AS3215 - Orange S.A.
2a01:cb10:678:3400:46a6:1eff:fe7c:3506;3215;AS3215 - Orange S.A.
2a01:cb11:5d:da01::1;3215;AS3215 - Orange S.A.
2a01:cb11:73:b500:211:32ff:fe3e:e729;3215;AS3215 - Orange S.A.
2a01:cb11:73:b500:d660:e3ff:fec5:9fc4;3215;AS3215 - Orange S.A.
2a01:cb14:1c5:c000:5664:d9ff:fefa:cab8;3215;AS3215 - Orange S.A.
2a01:cb15:1b8:3f00:7e03:d8ff:fe74:738e;3215;AS3215 - Orange S.A.
2a01:cb15:449:ae00:a87:c6ff:fe32:5320;3215;AS3215 - Orange S.A.
2a01:cb15:82a0:3700:8ef8:13ff:fe4b:19a8;3215;AS3215 - Orange S.A.
2a01:cb18:b57:8800:b6a5:efff:fe80:db60;3215;AS3215 - Orange S.A.
2a01:cb1c:12d:6500:1a1e:78ff:fe4a:fe0;3215;AS3215 - Orange S.A.
2a01:cb1c:e6c:2000:3649:5bff:fe2d:2210;3215;AS3215 - Orange S.A.
2a01:cb1d:89c9:d900:327c:b2ff:fe96:bea6;3215;AS3215 - Orange S.A.
2a01:cb20:8023:3600:3293:bcff:fe21:6c10;3215;AS3215 - Orange S.A.
2a01:e00::1;12322;PROXAD - Free SAS
2a01:e00::2;12322;PROXAD - Free SAS
2a01:e0a:1ee:5502::1;12322;PROXAD - Free SAS
2a01:e0a:1f0:a7b0::1;12322;PROXAD - Free SAS
2a01:e0a:260:75b0::130;12322;PROXAD - Free SAS
2a01:e0a:291:7b51::;12322;PROXAD - Free SAS
2a01:e0a:2b7:70e1::1;12322;PROXAD - Free SAS
2a01:e0a:2c0:c560:cb21:c788:b359:9ba;12322;PROXAD - Free SAS
2a01:e0a:2d1:e864::7;12322;PROXAD - Free SAS
2a01:e0a:3b0:1321::1;12322;PROXAD - Free SAS
2a01:e0a:3c9:180:1::1;12322;PROXAD - Free SAS
2a01:e0a:808:c0a0:5e4f:3497:fd40:d931;12322;PROXAD - Free SAS
2a01:e34:ef5b:1211:b5c4:7c1d:55f8:b7d;12322;PROXAD - Free SAS
2a02:1203:ecb2:c9a0:4a8d:36ff:fe38:694b;3303;SWISSCOM - Swisscom (Schweiz) AG
2a02:1203:ecb6:6940:ead1:1bff:fed7:98a0;3303;SWISSCOM - Swisscom (Schweiz) AG
2a02:1205:500c:cc30:a2b5:49ff:fe00:4a50;3303;SWISSCOM - Swisscom (Schweiz) AG
2a02:1205:502a:8470:7eb7:33ff:fe9e:5349;3303;SWISSCOM - Swisscom (Schweiz) AG
2a02:1205:5048:9230:a2b5:49ff:fe28:c880;3303;SWISSCOM - Swisscom (Schweiz) AG
2a02:1205:505b:2b70:4a8d:36ff:fe20:a5e8;3303;SWISSCOM - Swisscom (Schweiz) AG
2a02:120b:2c0f:7d60:1eb0:44ff:feda:6840;3303;SWISSCOM - Swisscom (Schweiz) AG
2a02:121f:12a9:1002::1;3303;SWISSCOM - Swisscom (Schweiz) AG
2a02:13b8::53;15614;DRAGON - Dragon Internet a.s.
2a02:168:420b:c::21;13030;INIT7 - Init7 (Switzerland) Ltd.
2a02:168:420b:c::30;13030;INIT7 - Init7 (Switzerland) Ltd.
2a02:168:5a3f:21::1;13030;INIT7 - Init7 (Switzerland) Ltd.
2a02:168:62ed::1;13030;INIT7 - Init7 (Switzerland) Ltd.
2a02:168:79ef:1002::1;13030;INIT7 - Init7 (Switzerland) Ltd.
2a02:169:179e:0:10::4;13030;INIT7 - Init7 (Switzerland) Ltd.
2a02:1800:100::41:1;6848;TELENET-AS - Telenet BVBA
2a02:1800:100::41:2;6848;TELENET-AS - Telenet BVBA
2a02:1800:100::43:1;6848;TELENET-AS - Telenet BVBA
2a02:1800:100::43:2;6848;TELENET-AS - Telenet BVBA
2a02:1800:100::44:1;6848;TELENET-AS - Telenet BVBA
2a02:1800:100::44:2;6848;TELENET-AS - Telenet BVBA
2a02:1800:100::45:1;6848;TELENET-AS - Telenet BVBA
2a02:1800:100::45:2;6848;TELENET-AS - Telenet BVBA
2a02:1812:2c13:c530:280f:c6ff:fef3:727b;6848;TELENET-AS - Telenet BVBA
2a02:2148:81:8053::8053;1241;FORTHNET-GR - Forthnet
2a02:2148:82:8053::53;1241;FORTHNET-GR - Forthnet
2a02:2148:82:8053::8053;1241;FORTHNET-GR - Forthnet
2a02:2148:84:8053::53;1241;FORTHNET-GR - Forthnet
2a02:2148:84:8053::8053;1241;FORTHNET-GR - Forthnet
2a02:2168:208:1::1;42610;NCNET-AS - PJSC Rostelecom
2a02:2168:208:2::1;42610;NCNET-AS - PJSC Rostelecom
2a02:21b0:b977:b259:7eb7:33ff:fe0f:6d75;57370;WINGO - Swisscom (Schweiz) AG
2a02:2457:10c:101::126;20880;TELECOLUMBUS - Tele Columbus AG
2a02:2457:20c:101::126;20880;TELECOLUMBUS - Tele Columbus AG
2a02:2788:294:438::1;12392;ASBRUTELE - Brutele SC
2a02:2788:fff0:7::3;12392;ASBRUTELE - Brutele SC
2a02:2f01:6009:7500::1;8708;RCS-RDS - RCS & RDS SA
2a02:2f01:6109:d400::1;8708;RCS-RDS - RCS & RDS SA
2a02:2f01:6608:aa00::1;8708;RCS-RDS - RCS & RDS SA
2a02:2f01:671a:4a00::1;8708;RCS-RDS - RCS & RDS SA
2a02:430::1:11:2;12941;INTERSAAR-AS - intersaar GmbH
2a02:560:4201:400:9e70:3d62:241a:f882;13045;HTP-AS - htp GmbH
2a02:560:420b:a700:b030:8ff:fe1a:e619;13045;HTP-AS - htp GmbH
2a02:560:4220:c000:a431:8344:d811:d0d4;13045;HTP-AS - htp GmbH
2a02:560:4244:1e00:c03c:e847:4f8b:6b;13045;HTP-AS - htp GmbH
2a02:560:424d:8400:b030:8ff:fe1a:e619;13045;HTP-AS - htp GmbH
2a02:560:426c:8400:690a:870d:889f:a0ca;13045;HTP-AS - htp GmbH
2a02:560:427d:5000:bd6c:3007:a863:a00f;13045;HTP-AS - htp GmbH
2a02:560:4282:2a00:62a1:efaf:eb27:6977;13045;HTP-AS - htp GmbH
2a02:560:4288:7400:7afd:696f:dc45:2148;13045;HTP-AS - htp GmbH
2a02:560:428a:7100:63a4:61dd:532c:6a39;13045;HTP-AS - htp GmbH
2a02:560:429b:5400:68e9:e17:e842:9d59;13045;HTP-AS - htp GmbH
2a02:560:429c:fb00:cc43:275f:6494:5e3f;13045;HTP-AS - htp GmbH
2a02:560:42ab:d300:8311:f271:7719:cf22;13045;HTP-AS - htp GmbH
2a02:560:42b3:200:b030:8ff:fe1a:e619;13045;HTP-AS - htp GmbH
2a02:560:42cf:eb00:9a:d164:8937:e63f;13045;HTP-AS - htp GmbH
2a02:560:42ea:a200:b030:8ff:fe1a:e619;13045;HTP-AS - htp GmbH
2a02:578:1001:3:212:71:8:10;9031;EDPNET - EDPNET NV
2a02:578:8000:2:212:71:0:33;9031;EDPNET - EDPNET NV
2a02:578:857d:1:bf19:53ac:a030:5c00;9031;EDPNET - EDPNET NV
2a02:58:97:de09::1;25596;CAMBRIUM-AS - Cambrium IT Services B.V.
2a02:6b8::feed:a11;13238;YANDEX - YANDEX LLC
2a02:8010:1:0:212:23:3:100;13037;ZEN-AS - Zen Internet Ltd
2a02:8010:6491:1::10;13037;ZEN-AS - Zen Internet Ltd
2a02:8011:2002::3;13037;ZEN-AS - Zen Internet Ltd
2a02:8070:6191:500:d63f:cbff:fe98:64fd;6830;LIBERTYGLOBAL - Liberty Global B.V.
2a02:8070:61a4:c280:d63f:cbff:fe98:64fd;6830;LIBERTYGLOBAL - Liberty Global B.V.
2a02:8070:61c6:b180:d63f:cbff:fe98:64fd;6830;LIBERTYGLOBAL - Liberty Global B.V.
2a02:8070:a1b4:3200:d43f:d5ff:fe39:30c7;6830;LIBERTYGLOBAL - Liberty Global B.V.
2a02:8070:a2b3:5500:20d:b9ff:fe4d:f455;6830;LIBERTYGLOBAL - Liberty Global B.V.
2a02:8071:ca3:2200:d63f:cbff:fe86:72eb;6830;LIBERTYGLOBAL - Liberty Global B.V.
2a02:8100:c0:271::4:1101;3209;VODANET - Vodafone GmbH
2a02:8100:c0:279::4:1101;3209;VODANET - Vodafone GmbH
2a02:8106:9:1b00::;3209;VODANET - Vodafone GmbH
2a02:8108:45c0:36ec:d63f:cbff:fe9a:42b8;3209;VODANET - Vodafone GmbH
2a02:8109:1b40:4ca8:ecad:17a5:1b6e:229b;3209;VODANET - Vodafone GmbH
2a02:810c:c1c0:59f0:20d:b9ff:fe45:ce7a;3209;VODANET - Vodafone GmbH
2a02:810c:cfc0:474:8a71:b1ff:fea3:619f;3209;VODANET - Vodafone GmbH
2a02:8429:82aa:9401::1;15557;LDCOMNET - SFR SA
2a02:842a:8018:1::1;15557;LDCOMNET - SFR SA
2a02:8432:2cb1:ef01::1;15557;LDCOMNET - SFR SA
2a02:8432:3381:c201::1;15557;LDCOMNET - SFR SA
2a02:8432:34f1:9601::1;15557;LDCOMNET - SFR SA
2a02:908:1266:c2a0:6b44:d83:2ede:f6ff;6830;LIBERTYGLOBAL - Liberty Global B.V.
2a02:908:1860:a0a0:d63f:cbff:fe7f:d874;6830;LIBERTYGLOBAL - Liberty Global B.V.
2a02:908:1864:c300:d63f:cbff:fe9b:d4b8;6830;LIBERTYGLOBAL - Liberty Global B.V.
2a02:908:2130:d080:9ec8:fcff:fe50:c5e2;6830;LIBERTYGLOBAL - Liberty Global B.V.
2a02:908:2:a::1;6830;LIBERTYGLOBAL - Liberty Global B.V.
2a02:908:2:b::1;6830;LIBERTYGLOBAL - Liberty Global B.V.
2a02:908:dc23:d140::1;6830;LIBERTYGLOBAL - Liberty Global B.V.
2a02:a310:8246:c670::1;6830;LIBERTYGLOBAL - Liberty Global B.V.
2a02:a450:839:aaaa:4262:31ff:fe02:cb18;1136;KPN - KPN B.V.
2a02:a47f:e000::53;1136;KPN - KPN B.V.
2a02:a47f:e000::54;1136;KPN - KPN B.V.
2a02:b98:0:1::193;12897;ENTEGAMEDIANET - ENTEGA Medianet GmbH
2a02:e98:c0:1800::1;24641;FASTER-AS - FASTER CZ spol. s r.o.
2a02:f08:c1:42::1;42184;TKRZ-AS - tkrz Stadtwerke GmbH
2a03:3a01:0:4::1;49931;SITKOM-AS - SITKOM spol. s r.o.
2a03:9320::1;5505;VADAVO - VADAVO SOLUCIONES SL
2a04:de40:40::1;209489;MARCOSLATER - Marco Slater
2a04:de40:40::5;209489;MARCOSLATER - Marco Slater
2a04:ee41:3:3159:46fe:3bff:fe8e:fbf0;15796;SALT-CH - Salt Mobile SA
2a05:5800:180:2:20c:29ff:fee5:3d2a;200924;SIS2 - Stiegeler Internet Service GmbH
2a05:5800:180:2:250:56ff:fea4:7c61;200924;SIS2 - Stiegeler Internet Service GmbH
2a06:e881:102:60::1;202959;JCOLP - Joshua Colp
2a06:e881:6501::5;208958;GROETZNER - Sascha Groetzner
2a07:1c44:436:a:4262:31ff:fe08:fe07;206161;VOIDPTR - Nils Steinger
2a07:241:1:502b::1;60945;VELOXSERV - VeloxServ Communications Ltd
2a07:a8c0::c4:463a;34939;NEXTDNS - nextdns, Inc.
2a07:a8c1::c4:463a;34939;NEXTDNS - nextdns, Inc.
2a07:aa80:4::4;202657;HNOJNIK - Pavel Jochim
2a09:2280:0:1::1;209792;DJVG - Daan van Gorkum
2a09:9c07:6::1;209947;MWIFI - M-wifi internet s.r.o.
2a0a:4a40::53;206754;ALISTAIR-MACKENZIE - Alistair Mackenzie
2a0b:2e00:0:4628:20d:b9ff:fe45:1906;15600;FINECOM - Quickline AG
2a0c:7040:ffff:ff00::1;203488;DALUNET - DaLuNET s.r.o.
2a0c:800::55;207439;KORVESNET - Tim Korves
2a0c:b641:21:1::1;207759;NJD-AS - Nicolas JOURDAIN
2a0c:b641:21:1::2;207759;NJD-AS - Nicolas JOURDAIN
2a0e:b107:2b:f00d::1;208059;GRMML - Hermann Lienstromberg
2a0e:b500::1;208974;OGELPRE - Benedikt Neuffer
2a0e:b500::2;208974;OGELPRE - Benedikt Neuffer
2a0e:f42:ffff::2;208627;ALARIG - Groupe Rennais pour un Internet Fourni de maniere Ouverte et Neutre
2a10:3781:20:53:7e5a:1cff:fe69:1fe1;206238;FREEDOMINTERNET - Freedom Internet BV
2a10:3781:20:d1f5:7e5a:1cff:fe69:1fe1;206238;FREEDOMINTERNET - Freedom Internet BV
2a10:3781:7ae:ffff::1;206238;FREEDOMINTERNET - Freedom Internet BV
37.143.84.228;50266;TMOBILE-THUIS - T-Mobile Thuis BV
37.208.0.2;198612;WEKUDATA - Wekudata AB
37.208.0.3;198612;WEKUDATA - Wekudata AB
37.208.0.5;198612;WEKUDATA - Wekudata AB
38.103.8.115;16409;PBW-COMMUNICATIONS
4.2.2.1;3356;LEVEL3
4.2.2.2;3356;LEVEL3
4.2.2.3;3356;LEVEL3
4.2.2.4;3356;LEVEL3
4.4.4.4;3356;LEVEL3
41.213.217.9;37002;Reunicable
44.44.117.1;33083;AXCELX-NET
44.44.117.10;33083;AXCELX-NET
44.44.117.250;33083;AXCELX-NET
45.90.28.112;34939;NEXTDNS - nextdns, Inc.
45.90.28.204;34939;NEXTDNS - nextdns, Inc.
45.90.28.215;34939;NEXTDNS - nextdns, Inc.
45.90.30.112;34939;NEXTDNS - nextdns, Inc.
45.90.30.204;34939;NEXTDNS - nextdns, Inc.
45.90.30.215;34939;NEXTDNS - nextdns, Inc.
45.91.126.249;208627;ALARIG - Groupe Rennais pour un Internet Fourni de maniere Ouverte et Neutre
46.182.19.48;43847;NBISERV-AS - Martin Prager trading as "NbIServ"
46.30.12.45;35266;EXN-AS - EX Networks Limited
5.11.11.11;30844;LIQUID-AS - Liquid Telecommunications Ltd
5.11.11.5;30844;LIQUID-AS - Liquid Telecommunications Ltd
5.200.200.200;58224;TCI - Iran Telecommunication Company PJS
51.15.98.97;12876;AS12876 - ONLINE S.A.S.
51.89.75.122;16276;OVH - OVH SAS
54.164.176.2;14618;AMAZON-AES
54.254.156.43;16509;AMAZON-02
59.153.22.100;4049;CELLO-AS-AP CELLO GROUP LIMITED
59.153.22.200;4049;CELLO-AS-AP CELLO GROUP LIMITED
62.117.5.126;20880;TELECOLUMBUS - Tele Columbus AG
62.169.70.160;2860;NOS_COMUNICACOES - NOS COMUNICACOES, S.A.
62.179.1.62;6830;LIBERTYGLOBAL - Liberty Global B.V.
62.179.1.63;6830;LIBERTYGLOBAL - Liberty Global B.V.
62.179.104.196;6830;LIBERTYGLOBAL - Liberty Global B.V.
62.197.111.140;12392;ASBRUTELE - Brutele SC
62.2.17.60;6830;LIBERTYGLOBAL - Liberty Global B.V.
62.217.126.164;5408;GR-NET - National Infrastructures for Research and Technology S.A.
62.241.198.245;16086;DNA - DNA Oyj
62.241.198.246;16086;DNA - DNA Oyj
62.58.153.220;13127;VERSATEL - T-mobile Netherlands bv.
62.58.48.30;13127;VERSATEL - T-mobile Netherlands bv.
64.222.212.243;13977;CTELCO
64.222.84.243;13977;CTELCO
64.59.144.20;6327;SHAW
64.59.144.90;6327;SHAW
64.59.144.91;6327;SHAW
64.59.150.136;6327;SHAW
64.59.150.137;6327;SHAW
64.59.160.14;6327;SHAW
64.71.255.198;812;ROGERS-COMMUNICATIONS
64.71.255.204;812;ROGERS-COMMUNICATIONS
66.187.177.13;35985;ONERINGNET-ATL-1
66.187.178.13;35985;ONERINGNET-ATL-1
66.209.192.15;5015;SHOUTING
66.209.192.5;5015;SHOUTING
67.41.198.251;209;CENTURYLINK-US-LEGACY-QWEST
67.41.198.252;209;CENTURYLINK-US-LEGACY-QWEST
68.105.28.11;22773;ASN-CXA-ALL-CCI-22773-RDC
68.105.29.11;22773;ASN-CXA-ALL-CCI-22773-RDC
68.94.156.1;7018;ATT-INTERNET4
68.94.157.1;7018;ATT-INTERNET4
69.5.136.253;26793;ICS-LLC
69.5.139.3;26793;ICS-LLC
71.252.0.14;701;UUNET
74.82.42.42;6939;HURRICANE
75.153.176.1;-1;NO HOLDER
75.153.176.9;-1;NO HOLDER
75.75.75.75;7922;COMCAST-7922
75.75.76.76;7922;COMCAST-7922
77.37.251.33;42610;NCNET-AS - PJSC Rostelecom
77.37.255.30;42610;NCNET-AS - PJSC Rostelecom
77.42.128.32;42003;OGERONET - LIBANTELECOM
77.42.130.32;42003;OGERONET - LIBANTELECOM
77.50.0.4;34602;STARLINK-AS - MEGASVYAZ LLC
77.50.1.4;34602;STARLINK-AS - MEGASVYAZ LLC
77.77.192.20;42560;BA-TELEMACH-AS - Telemach d.o.o. Sarajevo
77.88.8.3;13238;YANDEX - YANDEX LLC
77.88.8.7;13238;YANDEX - YANDEX LLC
77.88.8.88;13238;YANDEX - YANDEX LLC
78.90.221.193;35141;MEGALAN - A1 Bulgaria EAD
79.138.0.180;45011;SE-A3 - A3 Sverige AB
8.8.4.4;15169;GOOGLE
80.58.61.250;3352;TELEFONICA_DE_ESPANA - TELEFONICA DE ESPANA
80.58.61.254;3352;TELEFONICA_DE_ESPANA - TELEFONICA DE ESPANA
80.65.193.3;25417;LJUSNET-AS - Ljusdals Elnat AB
80.65.193.6;25417;LJUSNET-AS - Ljusdals Elnat AB
80.67.169.12;20766;GITOYEN-MAIN-AS - Association "Gitoyen"
80.67.169.40;20766;GITOYEN-MAIN-AS - Association "Gitoyen"
80.67.188.188;60197;LDN - Lorraine Data Network
80.69.96.12;6830;LIBERTYGLOBAL - Liberty Global B.V.
80.71.82.82;44869;FIBIA-P-S - FIBIA P/S
81.187.199.53;20712;AS20712 - Andrews & Arnold Ltd
81.187.199.54;20712;AS20712 - Andrews & Arnold Ltd
81.210.129.4;6830;LIBERTYGLOBAL - Liberty Global B.V.
82.193.96.26;25521;ASN-ASIPN - PJSC "Industrial Media Network"
82.68.95.148;13037;ZEN-AS - Zen Internet Ltd
83.255.255.1;39651;COMHEM-SWEDEN - Tele2 Sverige AB
83.255.255.2;39651;COMHEM-SWEDEN - Tele2 Sverige AB
84.200.70.40;31400;ACCELERATED-IT - Accelerated IT Services & Consulting GmbH
84.208.20.110;41164;GET-NO - Telia Norge AS
84.208.20.111;41164;GET-NO - Telia Norge AS
85.218.1.164;34781;SIL-CITYCABLE-AS - Citycable
85.218.1.244;34781;SIL-CITYCABLE-AS - Citycable
85.253.0.130;13272;STARMAN - Elisa Teleteenused AS
85.8.31.209;45011;SE-A3 - A3 Sverige AB
86.60.255.132;39699;SSPOY-AS - Lounea Palvelut Oy
86.60.255.133;39699;SSPOY-AS - Lounea Palvelut Oy
87.251.42.44;12859;NL-BIT - BIT BV
87.251.42.45;12859;NL-BIT - BIT BV
87.72.130.2;15516;DK-DANSKKABELTV - DANSK KABEL TV A/S
87.72.22.66;15516;DK-DANSKKABELTV - DANSK KABEL TV A/S
87.98.149.171;16276;OVH - OVH SAS
88.149.128.12;35612;NGI-AS - EOLO S.p.A.
88.149.128.22;35612;NGI-AS - EOLO S.p.A.
89.101.251.228;6830;LIBERTYGLOBAL - Liberty Global B.V.
89.101.251.229;6830;LIBERTYGLOBAL - Liberty Global B.V.
89.19.64.164;15502;VODAFONE-IRELAND-ASN - Vodafone Ireland Limited
89.19.64.36;15502;VODAFONE-IRELAND-ASN - Vodafone Ireland Limited
89.2.0.1;21502;ASN-NUMERICABLE - SFR SA
89.2.0.2;21502;ASN-NUMERICABLE - SFR SA
89.216.1.30;31042;SERBIA-BROADBAND-AS - Serbia BroadBand-Srpske Kablovske mreze d.o.o.
89.216.1.50;31042;SERBIA-BROADBAND-AS - Serbia BroadBand-Srpske Kablovske mreze d.o.o.
89.31.34.147;43148;MTS-KURGAN-AS - MTS PJSC
9.9.9.10;19281;QUAD9-AS-1
90.155.52.129;20712;AS20712 - Andrews & Arnold Ltd
90.155.52.250;20712;AS20712 - Andrews & Arnold Ltd
91.121.161.184;16276;OVH - OVH SAS
91.121.58.181;16276;OVH - OVH SAS
91.201.116.11;15673;TELESETI-PLUS-AS - Teleseti Plus Ltd.
91.201.116.42;15673;TELESETI-PLUS-AS - Teleseti Plus Ltd.
91.231.24.3;197979;INTERKAR-AS - INTERKAR KOMPUTER - SERWIS Karol Dziecielski
91.231.24.4;197979;INTERKAR-AS - INTERKAR KOMPUTER - SERWIS Karol Dziecielski
91.234.47.55;207439;KORVESNET - Tim Korves
92.220.228.70;29695;ALTIBOX_AS - Altibox AS
94.139.204.1;48747;LUKOVITNET - Lukovitnet Ltd.
94.139.204.10;48747;LUKOVITNET - Lukovitnet Ltd.
94.140.66.194;3212;TELEMACH - Telemach UG d.o.o.
94.254.0.147;8473;BAHNHOF - Bahnhof AB
95.131.96.254;12897;ENTEGAMEDIANET - ENTEGA Medianet GmbH
96.76.225.35;7922;COMCAST-7922
ddea:4661:e977::1;-1;NO HOLDER
